{"cameraMode":{"drawMode":0,"name":"Shaded","section":"Shading Mode"},"sceneLighting":false,"audioPlay":false,"sceneViewState":{"m_AlwaysRefresh":false,"showFog":true,"showSkybox":false,"showFlares":true,"showImageEffects":true,"showParticleSystems":true,"showVisualEffectGraphs":true,"m_FxEnabled":true},"in2DMode":false,"pivot":{"x":-0.1380268782377243,"y":2.148313045501709,"z":-0.6225356459617615},"rotation":{"x":0.034284982830286029,"y":-0.9602683782577515,"z":0.1367270052433014,"w":0.24178431928157807},"size":1.8924100399017335,"orthographic":false}