{"cameraMode":{"drawMode":0,"name":"Shaded","section":"Shading Mode"},"sceneLighting":false,"audioPlay":false,"sceneViewState":{"m_AlwaysRefresh":false,"showFog":true,"showSkybox":false,"showFlares":true,"showImageEffects":true,"showParticleSystems":true,"showVisualEffectGraphs":true,"m_FxEnabled":true},"in2DMode":false,"pivot":{"x":-0.022215744480490686,"y":2.2010180950164797,"z":2.234844207763672},"rotation":{"x":0.042102064937353137,"y":-0.9484378099441528,"z":0.1428000032901764,"w":0.2806152105331421},"size":1.2247449159622193,"orthographic":false}